provider,codeKey,displayName,domain,family,subFamily,proprietary,description,sourceDocument,isActive
nordea,ACMT/MCOP/CHRG,Gebyrer,ACMT,MCOP,CHRG,,DK=Y from MIG camt.053.001.02 Account Statement Extended,https://www.nordea.com/en/doc/nordea-caar-camt.053.001.02-account-statement-extended-0.pdf,true
nordea,ACMT/MCOP/COMM,Kommission,ACMT,MCOP,COMM,,DK=Y from MIG camt.053.001.02 Account Statement Extended,https://www.nordea.com/en/doc/nordea-caar-camt.053.001.02-account-statement-extended-0.pdf,true
nordea,ACMT/MCOP/INTR,Renter,ACMT,MCOP,INTR,,DK=Y from MIG camt.053.001.02 Account Statement Extended,https://www.nordea.com/en/doc/nordea-caar-camt.053.001.02-account-statement-extended-0.pdf,true
nordea,ACMT/MCOP/NTAV,Ikke tilgængelig,ACMT,MCOP,NTAV,,DK=Y from MIG camt.053.001.02 Account Statement Extended,https://www.nordea.com/en/doc/nordea-caar-camt.053.001.02-account-statement-extended-0.pdf,true
nordea,ACMT/MDOP/CHRG,Gebyrer,ACMT,MDOP,CHRG,,DK=Y from MIG camt.053.001.02 Account Statement Extended,https://www.nordea.com/en/doc/nordea-caar-camt.053.001.02-account-statement-extended-0.pdf,true
nordea,ACMT/MDOP/COMM,Kommission,ACMT,MDOP,COMM,,DK=Y from MIG camt.053.001.02 Account Statement Extended,https://www.nordea.com/en/doc/nordea-caar-camt.053.001.02-account-statement-extended-0.pdf,true
nordea,ACMT/MDOP/INTR,Renter,ACMT,MDOP,INTR,,DK=Y from MIG camt.053.001.02 Account Statement Extended,https://www.nordea.com/en/doc/nordea-caar-camt.053.001.02-account-statement-extended-0.pdf,true
nordea,ACMT/MDOP/NTAV,Ikke tilgængelig,ACMT,MDOP,NTAV,,DK=Y from MIG camt.053.001.02 Account Statement Extended,https://www.nordea.com/en/doc/nordea-caar-camt.053.001.02-account-statement-extended-0.pdf,true
nordea,ACMT/OPCL/ACCC,Kontolukning,ACMT,OPCL,ACCC,,DK=Y from MIG camt.053.001.02 Account Statement Extended,https://www.nordea.com/en/doc/nordea-caar-camt.053.001.02-account-statement-extended-0.pdf,true
nordea,ACMT/OPCL/ACCO,Kontoåbning,ACMT,OPCL,ACCO,,DK=Y from MIG camt.053.001.02 Account Statement Extended,https://www.nordea.com/en/doc/nordea-caar-camt.053.001.02-account-statement-extended-0.pdf,true
nordea,CAMT/ACCB/CHRG,Gebyrer,CAMT,ACCB,CHRG,,DK=Y from MIG camt.053.001.02 Account Statement Extended,https://www.nordea.com/en/doc/nordea-caar-camt.053.001.02-account-statement-extended-0.pdf,true
nordea,CAMT/ACCB/INTR,Renter,CAMT,ACCB,INTR,,DK=Y from MIG camt.053.001.02 Account Statement Extended,https://www.nordea.com/en/doc/nordea-caar-camt.053.001.02-account-statement-extended-0.pdf,true
nordea,CAMT/ACCB/NTAV,Ikke tilgængelig,CAMT,ACCB,NTAV,,DK=Y from MIG camt.053.001.02 Account Statement Extended,https://www.nordea.com/en/doc/nordea-caar-camt.053.001.02-account-statement-extended-0.pdf,true
nordea,CAMT/ACCB/SWEP,Saldoregulering,CAMT,ACCB,SWEP,,DK=Y from MIG camt.053.001.02 Account Statement Extended,https://www.nordea.com/en/doc/nordea-caar-camt.053.001.02-account-statement-extended-0.pdf,true
nordea,CAMT/ACCB/TOPG,Saldoregulering,CAMT,ACCB,TOPG,,DK=Y from MIG camt.053.001.02 Account Statement Extended,https://www.nordea.com/en/doc/nordea-caar-camt.053.001.02-account-statement-extended-0.pdf,true
nordea,CAMT/ACCB/ZABA,Saldoregulering,CAMT,ACCB,ZABA,,DK=Y from MIG camt.053.001.02 Account Statement Extended,https://www.nordea.com/en/doc/nordea-caar-camt.053.001.02-account-statement-extended-0.pdf,true
nordea,CAMT/CAPL/CHRG,Gebyrer,CAMT,CAPL,CHRG,,DK=Y from MIG camt.053.001.02 Account Statement Extended,https://www.nordea.com/en/doc/nordea-caar-camt.053.001.02-account-statement-extended-0.pdf,true
nordea,DERV/MCOP/CHRG,Gebyrer,DERV,MCOP,CHRG,,DK=Y from MIG camt.053.001.02 Account Statement Extended,https://www.nordea.com/en/doc/nordea-caar-camt.053.001.02-account-statement-extended-0.pdf,true
nordea,DERV/MCOP/INTR,Renter,DERV,MCOP,INTR,,DK=Y from MIG camt.053.001.02 Account Statement Extended,https://www.nordea.com/en/doc/nordea-caar-camt.053.001.02-account-statement-extended-0.pdf,true
nordea,DERV/MDOP/CHRG,Gebyrer,DERV,MDOP,CHRG,,DK=Y from MIG camt.053.001.02 Account Statement Extended,https://www.nordea.com/en/doc/nordea-caar-camt.053.001.02-account-statement-extended-0.pdf,true
nordea,DERV/MDOP/INTR,Renter,DERV,MDOP,INTR,,DK=Y from MIG camt.053.001.02 Account Statement Extended,https://www.nordea.com/en/doc/nordea-caar-camt.053.001.02-account-statement-extended-0.pdf,true
nordea,DERV/NTAV/NTAV,Ikke tilgængelig,DERV,NTAV,NTAV,,DK=Y from MIG camt.053.001.02 Account Statement Extended,https://www.nordea.com/en/doc/nordea-caar-camt.053.001.02-account-statement-extended-0.pdf,true
nordea,FORX/NTAV/NTAV,Ikke tilgængelig,FORX,NTAV,NTAV,,DK=Y from MIG camt.053.001.02 Account Statement Extended,https://www.nordea.com/en/doc/nordea-caar-camt.053.001.02-account-statement-extended-0.pdf,true
nordea,LDAS/MCOP/CHRG,Gebyrer,LDAS,MCOP,CHRG,,DK=Y from MIG camt.053.001.02 Account Statement Extended,https://www.nordea.com/en/doc/nordea-caar-camt.053.001.02-account-statement-extended-0.pdf,true
nordea,LDAS/MCOP/INTR,Renter,LDAS,MCOP,INTR,,DK=Y from MIG camt.053.001.02 Account Statement Extended,https://www.nordea.com/en/doc/nordea-caar-camt.053.001.02-account-statement-extended-0.pdf,true
nordea,LDAS/MDOP/CHRG,Gebyrer,LDAS,MDOP,CHRG,,DK=Y from MIG camt.053.001.02 Account Statement Extended,https://www.nordea.com/en/doc/nordea-caar-camt.053.001.02-account-statement-extended-0.pdf,true
nordea,LDAS/MDOP/INTR,Renter,LDAS,MDOP,INTR,,DK=Y from MIG camt.053.001.02 Account Statement Extended,https://www.nordea.com/en/doc/nordea-caar-camt.053.001.02-account-statement-extended-0.pdf,true
nordea,LDAS/NTAV/NTAV,Ikke tilgængelig,LDAS,NTAV,NTAV,,DK=Y from MIG camt.053.001.02 Account Statement Extended,https://www.nordea.com/en/doc/nordea-caar-camt.053.001.02-account-statement-extended-0.pdf,true
nordea,PMNT/CCRD/CDPT,Kortindbetaling,PMNT,CCRD,CDPT,,DK=Y from MIG camt.053.001.02 Account Statement Extended,https://www.nordea.com/en/doc/nordea-caar-camt.053.001.02-account-statement-extended-0.pdf,true
nordea,PMNT/CCRD/CHRG,Gebyrer,PMNT,CCRD,CHRG,,DK=Y from MIG camt.053.001.02 Account Statement Extended,https://www.nordea.com/en/doc/nordea-caar-camt.053.001.02-account-statement-extended-0.pdf,true
nordea,PMNT/CCRD/CWDL,Kontanthævning,PMNT,CCRD,CWDL,,DK=Y from MIG camt.053.001.02 Account Statement Extended,https://www.nordea.com/en/doc/nordea-caar-camt.053.001.02-account-statement-extended-0.pdf,true
nordea,PMNT/CCRD/NTAV,Ikke tilgængelig,PMNT,CCRD,NTAV,,DK=Y from MIG camt.053.001.02 Account Statement Extended,https://www.nordea.com/en/doc/nordea-caar-camt.053.001.02-account-statement-extended-0.pdf,true
nordea,PMNT/CCRD/POSC,Kreditkortbetaling,PMNT,CCRD,POSC,,DK=Y from MIG camt.053.001.02 Account Statement Extended,https://www.nordea.com/en/doc/nordea-caar-camt.053.001.02-account-statement-extended-0.pdf,true
nordea,PMNT/CCRD/POSD,Point-of-Sale-betaling,PMNT,CCRD,POSD,,DK=Y from MIG camt.053.001.02 Account Statement Extended,https://www.nordea.com/en/doc/nordea-caar-camt.053.001.02-account-statement-extended-0.pdf,true
nordea,PMNT/CNTR/CDPT,Kontantindbetaling,PMNT,CNTR,CDPT,,DK=Y from MIG camt.053.001.02 Account Statement Extended,https://www.nordea.com/en/doc/nordea-caar-camt.053.001.02-account-statement-extended-0.pdf,true
nordea,PMNT/CNTR/CWDL,Kontanthævning,PMNT,CNTR,CWDL,,DK=Y from MIG camt.053.001.02 Account Statement Extended,https://www.nordea.com/en/doc/nordea-caar-camt.053.001.02-account-statement-extended-0.pdf,true
nordea,PMNT/CNTR/FCDP,Valutaindbetaling,PMNT,CNTR,FCDP,,DK=Y from MIG camt.053.001.02 Account Statement Extended,https://www.nordea.com/en/doc/nordea-caar-camt.053.001.02-account-statement-extended-0.pdf,true
nordea,PMNT/CNTR/FCWD,Valutahævning,PMNT,CNTR,FCWD,,DK=Y from MIG camt.053.001.02 Account Statement Extended,https://www.nordea.com/en/doc/nordea-caar-camt.053.001.02-account-statement-extended-0.pdf,true
nordea,PMNT/ICCN/COAT,Koncernoverførsel,PMNT,ICCN,COAT,,DK=Y from MIG camt.053.001.02 Account Statement Extended,https://www.nordea.com/en/doc/nordea-caar-camt.053.001.02-account-statement-extended-0.pdf,true
nordea,PMNT/ICCN/ICCT,Koncernoverførsel,PMNT,ICCN,ICCT,,DK=Y from MIG camt.053.001.02 Account Statement Extended,https://www.nordea.com/en/doc/nordea-caar-camt.053.001.02-account-statement-extended-0.pdf,true
nordea,PMNT/ICCN/XICT,International koncernoverførsel,PMNT,ICCN,XICT,,DK=Y from MIG camt.053.001.02 Account Statement Extended,https://www.nordea.com/en/doc/nordea-caar-camt.053.001.02-account-statement-extended-0.pdf,true
nordea,PMNT/ICDT/ADBT,ACH Debit,PMNT,ICDT,ADBT,,DK=Y from MIG camt.053.001.02 Account Statement Extended,https://www.nordea.com/en/doc/nordea-caar-camt.053.001.02-account-statement-extended-0.pdf,true
nordea,PMNT/ICDT/AUTT,Automatisk overførsel,PMNT,ICDT,AUTT,,DK=Y from MIG camt.053.001.02 Account Statement Extended,https://www.nordea.com/en/doc/nordea-caar-camt.053.001.02-account-statement-extended-0.pdf,true
nordea,PMNT/ICDT/CHRG,Gebyrer,PMNT,ICDT,CHRG,,DK=Y from MIG camt.053.001.02 Account Statement Extended,https://www.nordea.com/en/doc/nordea-caar-camt.053.001.02-account-statement-extended-0.pdf,true
nordea,PMNT/ICDT/DMCT,Overførsel,PMNT,ICDT,DMCT,,DK=Y from MIG camt.053.001.02 Account Statement Extended,https://www.nordea.com/en/doc/nordea-caar-camt.053.001.02-account-statement-extended-0.pdf,true
nordea,PMNT/ICDT/NTAV,Ikke tilgængelig,PMNT,ICDT,NTAV,,DK=Y from MIG camt.053.001.02 Account Statement Extended,https://www.nordea.com/en/doc/nordea-caar-camt.053.001.02-account-statement-extended-0.pdf,true
nordea,PMNT/ICDT/PRCT,Straksoverførsel,PMNT,ICDT,PRCT,,DK=Y from MIG camt.053.001.02 Account Statement Extended,https://www.nordea.com/en/doc/nordea-caar-camt.053.001.02-account-statement-extended-0.pdf,true
nordea,PMNT/ICDT/RRTN,Returnering,PMNT,ICDT,RRTN,,DK=Y from MIG camt.053.001.02 Account Statement Extended,https://www.nordea.com/en/doc/nordea-caar-camt.053.001.02-account-statement-extended-0.pdf,true
nordea,PMNT/ICDT/SALA,Lønudbetaling,PMNT,ICDT,SALA,,DK=Y from MIG camt.053.001.02 Account Statement Extended,https://www.nordea.com/en/doc/nordea-caar-camt.053.001.02-account-statement-extended-0.pdf,true
nordea,PMNT/ICDT/SDVA,Sammedags-overførsel,PMNT,ICDT,SDVA,,DK=Y from MIG camt.053.001.02 Account Statement Extended,https://www.nordea.com/en/doc/nordea-caar-camt.053.001.02-account-statement-extended-0.pdf,true
nordea,PMNT/ICDT/TAXE,Skat,PMNT,ICDT,TAXE,,DK=Y from MIG camt.053.001.02 Account Statement Extended,https://www.nordea.com/en/doc/nordea-caar-camt.053.001.02-account-statement-extended-0.pdf,true
nordea,PMNT/ICDT/VCOM,Struktureret overførsel,PMNT,ICDT,VCOM,,DK=Y from MIG camt.053.001.02 Account Statement Extended,https://www.nordea.com/en/doc/nordea-caar-camt.053.001.02-account-statement-extended-0.pdf,true
nordea,PMNT/ICDT/XBCT,Udenlandsk overførsel,PMNT,ICDT,XBCT,,DK=Y from MIG camt.053.001.02 Account Statement Extended,https://www.nordea.com/en/doc/nordea-caar-camt.053.001.02-account-statement-extended-0.pdf,true
nordea,PMNT/IDDT/PMDD,Direkte betaling,PMNT,IDDT,PMDD,,DK=Y from MIG camt.053.001.02 Account Statement Extended,https://www.nordea.com/en/doc/nordea-caar-camt.053.001.02-account-statement-extended-0.pdf,true
nordea,PMNT/IRCT/DMCT,Overførsel,PMNT,IRCT,DMCT,,DK=Y from MIG camt.053.001.02 Account Statement Extended,https://www.nordea.com/en/doc/nordea-caar-camt.053.001.02-account-statement-extended-0.pdf,true
nordea,PMNT/LBOX/CHRG,Gebyrer,PMNT,LBOX,CHRG,,DK=Y from MIG camt.053.001.02 Account Statement Extended,https://www.nordea.com/en/doc/nordea-caar-camt.053.001.02-account-statement-extended-0.pdf,true
nordea,PMNT/LBOX/LBDP,Deposit,PMNT,LBOX,LBDP,,DK=Y from MIG camt.053.001.02 Account Statement Extended,https://www.nordea.com/en/doc/nordea-caar-camt.053.001.02-account-statement-extended-0.pdf,true
nordea,PMNT/LBOX/NTAV,Ikke tilgængelig,PMNT,LBOX,NTAV,,DK=Y from MIG camt.053.001.02 Account Statement Extended,https://www.nordea.com/en/doc/nordea-caar-camt.053.001.02-account-statement-extended-0.pdf,true
nordea,PMNT/MCOP/NTAV,Ikke tilgængelig,PMNT,MCOP,NTAV,,DK=Y from MIG camt.053.001.02 Account Statement Extended,https://www.nordea.com/en/doc/nordea-caar-camt.053.001.02-account-statement-extended-0.pdf,true
nordea,PMNT/MDOP/NTAV,Ikke tilgængelig,PMNT,MDOP,NTAV,,DK=Y from MIG camt.053.001.02 Account Statement Extended,https://www.nordea.com/en/doc/nordea-caar-camt.053.001.02-account-statement-extended-0.pdf,true
nordea,PMNT/NTAV/NTAV,Ikke tilgængelig,PMNT,NTAV,NTAV,,DK=Y from MIG camt.053.001.02 Account Statement Extended,https://www.nordea.com/en/doc/nordea-caar-camt.053.001.02-account-statement-extended-0.pdf,true
nordea,PMNT/RCCN/COAT,Koncernoverførsel,PMNT,RCCN,COAT,,DK=Y from MIG camt.053.001.02 Account Statement Extended,https://www.nordea.com/en/doc/nordea-caar-camt.053.001.02-account-statement-extended-0.pdf,true
nordea,PMNT/RCDT/ACDT,ACH Credit,PMNT,RCDT,ACDT,,DK=Y from MIG camt.053.001.02 Account Statement Extended,https://www.nordea.com/en/doc/nordea-caar-camt.053.001.02-account-statement-extended-0.pdf,true
nordea,PMNT/RCDT/AUTT,Automatisk overførsel,PMNT,RCDT,AUTT,,DK=Y from MIG camt.053.001.02 Account Statement Extended,https://www.nordea.com/en/doc/nordea-caar-camt.053.001.02-account-statement-extended-0.pdf,true
nordea,PMNT/RCDT/CHRG,Gebyrer,PMNT,RCDT,CHRG,,DK=Y from MIG camt.053.001.02 Account Statement Extended,https://www.nordea.com/en/doc/nordea-caar-camt.053.001.02-account-statement-extended-0.pdf,true
nordea,PMNT/RCDT/DMCT,Overførsel,PMNT,RCDT,DMCT,,DK=Y from MIG camt.053.001.02 Account Statement Extended,https://www.nordea.com/en/doc/nordea-caar-camt.053.001.02-account-statement-extended-0.pdf,true
nordea,PMNT/RCDT/NTAV,Ikke tilgængelig,PMNT,RCDT,NTAV,,DK=Y from MIG camt.053.001.02 Account Statement Extended,https://www.nordea.com/en/doc/nordea-caar-camt.053.001.02-account-statement-extended-0.pdf,true
nordea,PMNT/RCDT/RRTN,Returnering,PMNT,RCDT,RRTN,,DK=Y from MIG camt.053.001.02 Account Statement Extended,https://www.nordea.com/en/doc/nordea-caar-camt.053.001.02-account-statement-extended-0.pdf,true
nordea,PMNT/RCDT/SALA,Lønudbetaling,PMNT,RCDT,SALA,,DK=Y from MIG camt.053.001.02 Account Statement Extended,https://www.nordea.com/en/doc/nordea-caar-camt.053.001.02-account-statement-extended-0.pdf,true
nordea,PMNT/RCDT/TAXE,Skat,PMNT,RCDT,TAXE,,DK=Y from MIG camt.053.001.02 Account Statement Extended,https://www.nordea.com/en/doc/nordea-caar-camt.053.001.02-account-statement-extended-0.pdf,true
nordea,PMNT/RCDT/VCOM,Overførsel,PMNT,RCDT,VCOM,,DK=Y from MIG camt.053.001.02 Account Statement Extended,https://www.nordea.com/en/doc/nordea-caar-camt.053.001.02-account-statement-extended-0.pdf,true
nordea,PMNT/RCDT/XBCT,Udenlandsk overførsel,PMNT,RCDT,XBCT,,DK=Y from MIG camt.053.001.02 Account Statement Extended,https://www.nordea.com/en/doc/nordea-caar-camt.053.001.02-account-statement-extended-0.pdf,true
nordea,PMNT/RDDT/PMDD,Direct Debit,PMNT,RDDT,PMDD,,DK=Y from MIG camt.053.001.02 Account Statement Extended,https://www.nordea.com/en/doc/nordea-caar-camt.053.001.02-account-statement-extended-0.pdf,true
nordea,PMNT/RRCT/DMCT,Overførsel,PMNT,RRCT,DMCT,,DK=Y from MIG camt.053.001.02 Account Statement Extended,https://www.nordea.com/en/doc/nordea-caar-camt.053.001.02-account-statement-extended-0.pdf,true
nordea,PMNT/RRCT/ENCT,Straksoverførsel,PMNT,RRCT,ENCT,,DK=Y from MIG camt.053.001.02 Account Statement Extended,https://www.nordea.com/en/doc/nordea-caar-camt.053.001.02-account-statement-extended-0.pdf,true
nordea,SECU/CUST/CHRG,Gebyrer,SECU,CUST,CHRG,,DK=Y from MIG camt.053.001.02 Account Statement Extended,https://www.nordea.com/en/doc/nordea-caar-camt.053.001.02-account-statement-extended-0.pdf,true
nordea,SECU/MCOP/INTR,Renter,SECU,MCOP,INTR,,DK=Y from MIG camt.053.001.02 Account Statement Extended,https://www.nordea.com/en/doc/nordea-caar-camt.053.001.02-account-statement-extended-0.pdf,true
nordea,SECU/MDOP/CHRG,Gebyrer,SECU,MDOP,CHRG,,DK=Y from MIG camt.053.001.02 Account Statement Extended,https://www.nordea.com/en/doc/nordea-caar-camt.053.001.02-account-statement-extended-0.pdf,true
nordea,SECU/MDOP/INTR,Renter,SECU,MDOP,INTR,,DK=Y from MIG camt.053.001.02 Account Statement Extended,https://www.nordea.com/en/doc/nordea-caar-camt.053.001.02-account-statement-extended-0.pdf,true
nordea,SECU/NTAV/NTAV,Ikke tilgængelig,SECU,NTAV,NTAV,,DK=Y from MIG camt.053.001.02 Account Statement Extended,https://www.nordea.com/en/doc/nordea-caar-camt.053.001.02-account-statement-extended-0.pdf,true
nordea,TRAD/GUAR/CHRG,Gebyrer,TRAD,GUAR,CHRG,,DK=Y from MIG camt.053.001.02 Account Statement Extended,https://www.nordea.com/en/doc/nordea-caar-camt.053.001.02-account-statement-extended-0.pdf,true
nordea,TRAD/NTAV/NTAV,Ikke tilgængelig,TRAD,NTAV,NTAV,,DK=Y from MIG camt.053.001.02 Account Statement Extended,https://www.nordea.com/en/doc/nordea-caar-camt.053.001.02-account-statement-extended-0.pdf,true
nordea,XTND/NTAV/NTAV,Ikke tilgængelig,XTND,NTAV,NTAV,,DK=Y from MIG camt.053.001.02 Account Statement Extended,https://www.nordea.com/en/doc/nordea-caar-camt.053.001.02-account-statement-extended-0.pdf,true
